method;category;indicator;unitName;index
CML v4.8 2016 no LT;acidification no LT;acidification (incl. fate, average Europe total, A&B) no LT;kg SO2-Eq;0
CML v4.8 2016 no LT;climate change no LT;global warming potential (GWP100) no LT;kg CO2-Eq;1
CML v4.8 2016 no LT;ecotoxicity: freshwater no LT;freshwater aquatic ecotoxicity (FAETP inf) no LT;kg 1,4-DCB-Eq;2
CML v4.8 2016 no LT;ecotoxicity: marine no LT;marine aquatic ecotoxicity (MAETP inf) no LT;kg 1,4-DCB-Eq;3
CML v4.8 2016 no LT;ecotoxicity: terrestrial no LT;terrestrial ecotoxicity (TETP inf) no LT;kg 1,4-DCB-Eq;4
CML v4.8 2016 no LT;energy resources: non-renewable no LT;abiotic depletion potential (ADP): fossil fuels no LT;MJ;5
CML v4.8 2016 no LT;eutrophication no LT;eutrophication (fate not incl.) no LT;kg PO4-Eq;6
CML v4.8 2016 no LT;human toxicity no LT;human toxicity (HTP inf) no LT;kg 1,4-DCB-Eq;7
CML v4.8 2016 no LT;material resources: metals/minerals no LT;abiotic depletion potential (ADP): elements (ultimate reserves) no LT;kg Sb-Eq;8
CML v4.8 2016 no LT;ozone depletion no LT;ozone layer depletion (ODP steady state) no LT;kg CFC-11-Eq;9
CML v4.8 2016 no LT;photochemical oxidant formation no LT;photochemical oxidation (high NOx) no LT;kg ethylene-Eq;10
CML v4.8 2016;acidification;acidification (incl. fate, average Europe total, A&B);kg SO2-Eq;11
CML v4.8 2016;climate change;global warming potential (GWP100);kg CO2-Eq;12
CML v4.8 2016;ecotoxicity: freshwater;freshwater aquatic ecotoxicity (FAETP inf);kg 1,4-DCB-Eq;13
CML v4.8 2016;ecotoxicity: marine;marine aquatic ecotoxicity (MAETP inf);kg 1,4-DCB-Eq;14
CML v4.8 2016;ecotoxicity: terrestrial;terrestrial ecotoxicity (TETP inf);kg 1,4-DCB-Eq;15
CML v4.8 2016;energy resources: non-renewable;abiotic depletion potential (ADP): fossil fuels;MJ;16
CML v4.8 2016;eutrophication;eutrophication (fate not incl.);kg PO4-Eq;17
CML v4.8 2016;human toxicity;human toxicity (HTP inf);kg 1,4-DCB-Eq;18
CML v4.8 2016;material resources: metals/minerals;abiotic depletion potential (ADP): elements (ultimate reserves);kg Sb-Eq;19
CML v4.8 2016;ozone depletion;ozone layer depletion (ODP steady state);kg CFC-11-Eq;20
CML v4.8 2016;photochemical oxidant formation;photochemical oxidation (high NOx);kg ethylene-Eq;21
Crustal Scarcity Indicator 2020;material resources: metals/minerals;crustal scarcity potential (CSP);kg Si-Eq;22
Cumulative Energy Demand (CED);energy resources: non-renewable;energy content (HHV);MJ-Eq;23
Cumulative Energy Demand (CED);energy resources: non-renewable, biomass;energy content (HHV);MJ-Eq;24
Cumulative Energy Demand (CED);energy resources: non-renewable, fossil;energy content (HHV);MJ-Eq;25
Cumulative Energy Demand (CED);energy resources: non-renewable, nuclear;energy content (HHV);MJ-Eq;26
Cumulative Energy Demand (CED);energy resources: renewable;energy content (HHV);MJ-Eq;27
Cumulative Energy Demand (CED);energy resources: renewable, biomass;energy content (HHV);MJ-Eq;28
Cumulative Energy Demand (CED);energy resources: renewable, geothermal;energy content (HHV);MJ-Eq;29
Cumulative Energy Demand (CED);energy resources: renewable, geothermal, solar, wind;energy content (HHV);MJ-Eq;30
Cumulative Energy Demand (CED);energy resources: renewable, solar;energy content (HHV);MJ-Eq;31
Cumulative Energy Demand (CED);energy resources: renewable, water;energy content (HHV);MJ-Eq;32
Cumulative Energy Demand (CED);energy resources: renewable, wind;energy content (HHV);MJ-Eq;33
Cumulative Energy Demand (CED);total;energy content (HHV);MJ-Eq;34
Cumulative Exergy Demand (CExD);energy resources: non-renewable;exergy content;MJ-Eq;35
Cumulative Exergy Demand (CExD);energy resources: non-renewable, biomass;exergy content;MJ-Eq;36
Cumulative Exergy Demand (CExD);energy resources: non-renewable, fossil;exergy content;MJ-Eq;37
Cumulative Exergy Demand (CExD);energy resources: non-renewable, nuclear;exergy content;MJ-Eq;38
Cumulative Exergy Demand (CExD);energy resources: renewable;exergy content;MJ-Eq;39
Cumulative Exergy Demand (CExD);energy resources: renewable, biomass;exergy content;MJ-Eq;40
Cumulative Exergy Demand (CExD);energy resources: renewable, solar;exergy content;MJ-Eq;41
Cumulative Exergy Demand (CExD);energy resources: renewable, water;exergy content;MJ-Eq;42
Cumulative Exergy Demand (CExD);energy resources: renewable, wind;exergy content;MJ-Eq;43
Cumulative Exergy Demand (CExD);material resources;exergy content;MJ-Eq;44
Cumulative Exergy Demand (CExD);material resources: metals;exergy content;MJ-Eq;45
Cumulative Exergy Demand (CExD);material resources: minerals;exergy content;MJ-Eq;46
Cumulative Exergy Demand (CExD);material resources: water;exergy content;MJ-Eq;47
Cumulative Exergy Demand (CExD);total;exergy content;MJ-Eq;48
Ecological Footprint;CO2;global hectares;m2a;49
Ecological Footprint;land occupation;global hectares;m2a;50
Ecological Footprint;nuclear;global hectares;m2a;51
Ecological Footprint;total;global hectares;m2a;52
Ecological Scarcity 2021 no LT;climate change no LT;global warming potential (GWP100) no LT;UBP;53
Ecological Scarcity 2021 no LT;emissions to air no LT;air pollutants and PM no LT;UBP;54
Ecological Scarcity 2021 no LT;emissions to air no LT;carcinogenic substances into air no LT;UBP;55
Ecological Scarcity 2021 no LT;emissions to air no LT;heavy metals into air no LT;UBP;56
Ecological Scarcity 2021 no LT;emissions to air no LT;radioactive substances into air no LT;UBP;57
Ecological Scarcity 2021 no LT;emissions to soil no LT;heavy metals into soil no LT;UBP;58
Ecological Scarcity 2021 no LT;emissions to soil no LT;pesticides into soil no LT;UBP;59
Ecological Scarcity 2021 no LT;emissions to water no LT;heavy metals into water no LT;UBP;60
Ecological Scarcity 2021 no LT;emissions to water no LT;POP into water no LT;UBP;61
Ecological Scarcity 2021 no LT;emissions to water no LT;radioactive substances into water no LT;UBP;62
Ecological Scarcity 2021 no LT;emissions to water no LT;water pollutants no LT;UBP;63
Ecological Scarcity 2021 no LT;energy resources no LT;energy resources no LT;UBP;64
Ecological Scarcity 2021 no LT;land use no LT;land use no LT;UBP;65
Ecological Scarcity 2021 no LT;mineral resources no LT;mineral resources no LT;UBP;66
Ecological Scarcity 2021 no LT;natural resources no LT;biotic resources no LT;UBP;67
Ecological Scarcity 2021 no LT;ozone depletion no LT;ozone depletion no LT;UBP;68
Ecological Scarcity 2021 no LT;total no LT;UBP no LT;UBP;69
Ecological Scarcity 2021 no LT;waste disposal no LT;radioactive waste to deposit no LT;UBP;70
Ecological Scarcity 2021 no LT;waste disposal no LT;waste, non radioactive no LT;UBP;71
Ecological Scarcity 2021 no LT;water use no LT;water resources, evaporated no LT;UBP;72
Ecological Scarcity 2021;climate change;global warming potential (GWP100);UBP;73
Ecological Scarcity 2021;emissions to air;air pollutants and PM;UBP;74
Ecological Scarcity 2021;emissions to air;carcinogenic substances into air;UBP;75
Ecological Scarcity 2021;emissions to air;heavy metals into air;UBP;76
Ecological Scarcity 2021;emissions to air;radioactive substances into air;UBP;77
Ecological Scarcity 2021;emissions to soil;heavy metals into soil;UBP;78
Ecological Scarcity 2021;emissions to soil;pesticides into soil;UBP;79
Ecological Scarcity 2021;emissions to water;heavy metals into water;UBP;80
Ecological Scarcity 2021;emissions to water;POP into water;UBP;81
Ecological Scarcity 2021;emissions to water;radioactive substances into water;UBP;82
Ecological Scarcity 2021;emissions to water;water pollutants;UBP;83
Ecological Scarcity 2021;energy resources;energy resources;UBP;84
Ecological Scarcity 2021;land use;land use;UBP;85
Ecological Scarcity 2021;mineral resources;mineral resources;UBP;86
Ecological Scarcity 2021;natural resources;biotic resources;UBP;87
Ecological Scarcity 2021;ozone depletion;ozone depletion;UBP;88
Ecological Scarcity 2021;total;UBP;UBP;89
Ecological Scarcity 2021;waste disposal;radioactive waste to deposit;UBP;90
Ecological Scarcity 2021;waste disposal;waste, non radioactive;UBP;91
Ecological Scarcity 2021;water use;water resources, evaporated;UBP;92
Ecosystem Damage Potential;land occupation;ecosystem damage potential;points;93
Ecosystem Damage Potential;land transformation;ecosystem damage potential;points;94
Ecosystem Damage Potential;total;ecosystem damage potential;points;95
EF v3.0 no LT;acidification no LT;accumulated exceedance (AE) no LT;mol H+-Eq;96
EF v3.0 no LT;climate change no LT;global warming potential (GWP100) no LT;kg CO2-Eq;97
EF v3.0 no LT;climate change: biogenic no LT;global warming potential (GWP100) no LT;kg CO2-Eq;98
EF v3.0 no LT;climate change: fossil no LT;global warming potential (GWP100) no LT;kg CO2-Eq;99
EF v3.0 no LT;climate change: land use and land use change no LT;global warming potential (GWP100) no LT;kg CO2-Eq;100
EF v3.0 no LT;ecotoxicity: freshwater no LT;comparative toxic unit for ecosystems (CTUe) no LT;CTUe;101
EF v3.0 no LT;ecotoxicity: freshwater, inorganics no LT;comparative toxic unit for ecosystems (CTUe) no LT;CTUe;102
EF v3.0 no LT;ecotoxicity: freshwater, metals no LT;comparative toxic unit for ecosystems (CTUe) no LT;CTUe;103
EF v3.0 no LT;ecotoxicity: freshwater, organics no LT;comparative toxic unit for ecosystems (CTUe) no LT;CTUe;104
EF v3.0 no LT;energy resources: non-renewable no LT;abiotic depletion potential (ADP): fossil fuels no LT;MJ, net calorific value;105
EF v3.0 no LT;eutrophication: freshwater no LT;fraction of nutrients reaching freshwater end compartment (P) no LT;kg P-Eq;106
EF v3.0 no LT;eutrophication: marine no LT;fraction of nutrients reaching marine end compartment (N) no LT;kg N-Eq;107
EF v3.0 no LT;eutrophication: terrestrial no LT;accumulated exceedance (AE) no LT;mol N-Eq;108
EF v3.0 no LT;human toxicity: carcinogenic no LT;comparative toxic unit for human (CTUh) no LT;CTUh;109
EF v3.0 no LT;human toxicity: carcinogenic, inorganics no LT;comparative toxic unit for human (CTUh) no LT;CTUh;110
EF v3.0 no LT;human toxicity: carcinogenic, metals no LT;comparative toxic unit for human (CTUh) no LT;CTUh;111
EF v3.0 no LT;human toxicity: carcinogenic, organics no LT;comparative toxic unit for human (CTUh) no LT;CTUh;112
EF v3.0 no LT;human toxicity: non-carcinogenic no LT;comparative toxic unit for human (CTUh) no LT;CTUh;113
EF v3.0 no LT;human toxicity: non-carcinogenic, inorganics no LT;comparative toxic unit for human (CTUh) no LT;CTUh;114
EF v3.0 no LT;human toxicity: non-carcinogenic, metals no LT;comparative toxic unit for human (CTUh) no LT;CTUh;115
EF v3.0 no LT;human toxicity: non-carcinogenic, organics no LT;comparative toxic unit for human (CTUh) no LT;CTUh;116
EF v3.0 no LT;ionising radiation: human health no LT;human exposure efficiency relative to u235 no LT;kBq U235-Eq;117
EF v3.0 no LT;land use no LT;soil quality index no LT;dimensionless;118
EF v3.0 no LT;material resources: metals/minerals no LT;abiotic depletion potential (ADP): elements (ultimate reserves) no LT;kg Sb-Eq;119
EF v3.0 no LT;ozone depletion no LT;ozone depletion potential (ODP) no LT;kg CFC-11-Eq;120
EF v3.0 no LT;particulate matter formation no LT;impact on human health no LT;disease incidence;121
EF v3.0 no LT;photochemical oxidant formation: human health no LT;tropospheric ozone concentration increase no LT;kg NMVOC-Eq;122
EF v3.0 no LT;water use no LT;user deprivation potential (deprivation-weighted water consumption) no LT;m3 world Eq deprived;123
EF v3.0;acidification;accumulated exceedance (AE);mol H+-Eq;124
EF v3.0;climate change;global warming potential (GWP100);kg CO2-Eq;125
EF v3.0;climate change: biogenic;global warming potential (GWP100);kg CO2-Eq;126
EF v3.0;climate change: fossil;global warming potential (GWP100);kg CO2-Eq;127
EF v3.0;climate change: land use and land use change;global warming potential (GWP100);kg CO2-Eq;128
EF v3.0;ecotoxicity: freshwater;comparative toxic unit for ecosystems (CTUe);CTUe;129
EF v3.0;ecotoxicity: freshwater, inorganics;comparative toxic unit for ecosystems (CTUe);CTUe;130
EF v3.0;ecotoxicity: freshwater, metals;comparative toxic unit for ecosystems (CTUe);CTUe;131
EF v3.0;ecotoxicity: freshwater, organics;comparative toxic unit for ecosystems (CTUe);CTUe;132
EF v3.0;energy resources: non-renewable;abiotic depletion potential (ADP): fossil fuels;MJ, net calorific value;133
EF v3.0;eutrophication: freshwater;fraction of nutrients reaching freshwater end compartment (P);kg P-Eq;134
EF v3.0;eutrophication: marine;fraction of nutrients reaching marine end compartment (N);kg N-Eq;135
EF v3.0;eutrophication: terrestrial;accumulated exceedance (AE);mol N-Eq;136
EF v3.0;human toxicity: carcinogenic;comparative toxic unit for human (CTUh);CTUh;137
EF v3.0;human toxicity: carcinogenic, inorganics;comparative toxic unit for human (CTUh);CTUh;138
EF v3.0;human toxicity: carcinogenic, metals;comparative toxic unit for human (CTUh);CTUh;139
EF v3.0;human toxicity: carcinogenic, organics;comparative toxic unit for human (CTUh);CTUh;140
EF v3.0;human toxicity: non-carcinogenic;comparative toxic unit for human (CTUh);CTUh;141
EF v3.0;human toxicity: non-carcinogenic, inorganics;comparative toxic unit for human (CTUh);CTUh;142
EF v3.0;human toxicity: non-carcinogenic, metals;comparative toxic unit for human (CTUh);CTUh;143
EF v3.0;human toxicity: non-carcinogenic, organics;comparative toxic unit for human (CTUh);CTUh;144
EF v3.0;ionising radiation: human health;human exposure efficiency relative to u235;kBq U235-Eq;145
EF v3.0;land use;soil quality index;dimensionless;146
EF v3.0;material resources: metals/minerals;abiotic depletion potential (ADP): elements (ultimate reserves);kg Sb-Eq;147
EF v3.0;ozone depletion;ozone depletion potential (ODP);kg CFC-11-Eq;148
EF v3.0;particulate matter formation;impact on human health;disease incidence;149
EF v3.0;photochemical oxidant formation: human health;tropospheric ozone concentration increase;kg NMVOC-Eq;150
EF v3.0;water use;user deprivation potential (deprivation-weighted water consumption);m3 world Eq deprived;151
EF v3.1 no LT;acidification no LT;accumulated exceedance (AE) no LT;mol H+-Eq;152
EF v3.1 no LT;climate change no LT;global warming potential (GWP100) no LT;kg CO2-Eq;153
EF v3.1 no LT;climate change: biogenic no LT;global warming potential (GWP100) no LT;kg CO2-Eq;154
EF v3.1 no LT;climate change: fossil no LT;global warming potential (GWP100) no LT;kg CO2-Eq;155
EF v3.1 no LT;climate change: land use and land use change no LT;global warming potential (GWP100) no LT;kg CO2-Eq;156
EF v3.1 no LT;ecotoxicity: freshwater no LT;comparative toxic unit for ecosystems (CTUe) no LT;CTUe;157
EF v3.1 no LT;ecotoxicity: freshwater, inorganics no LT;comparative toxic unit for ecosystems (CTUe) no LT;CTUe;158
EF v3.1 no LT;ecotoxicity: freshwater, organics no LT;comparative toxic unit for ecosystems (CTUe) no LT;CTUe;159
EF v3.1 no LT;energy resources: non-renewable no LT;abiotic depletion potential (ADP): fossil fuels no LT;MJ, net calorific value;160
EF v3.1 no LT;eutrophication: freshwater no LT;fraction of nutrients reaching freshwater end compartment (P) no LT;kg P-Eq;161
EF v3.1 no LT;eutrophication: marine no LT;fraction of nutrients reaching marine end compartment (N) no LT;kg N-Eq;162
EF v3.1 no LT;eutrophication: terrestrial no LT;accumulated exceedance (AE) no LT;mol N-Eq;163
EF v3.1 no LT;human toxicity: carcinogenic no LT;comparative toxic unit for human (CTUh) no LT;CTUh;164
EF v3.1 no LT;human toxicity: carcinogenic, inorganics no LT;comparative toxic unit for human (CTUh) no LT;CTUh;165
EF v3.1 no LT;human toxicity: carcinogenic, organics no LT;comparative toxic unit for human (CTUh) no LT;CTUh;166
EF v3.1 no LT;human toxicity: non-carcinogenic no LT;comparative toxic unit for human (CTUh) no LT;CTUh;167
EF v3.1 no LT;human toxicity: non-carcinogenic, inorganics no LT;comparative toxic unit for human (CTUh) no LT;CTUh;168
EF v3.1 no LT;human toxicity: non-carcinogenic, organics no LT;comparative toxic unit for human (CTUh) no LT;CTUh;169
EF v3.1 no LT;ionising radiation: human health no LT;human exposure efficiency relative to u235 no LT;kBq U235-Eq;170
EF v3.1 no LT;land use no LT;soil quality index no LT;dimensionless;171
EF v3.1 no LT;material resources: metals/minerals no LT;abiotic depletion potential (ADP): elements (ultimate reserves) no LT;kg Sb-Eq;172
EF v3.1 no LT;ozone depletion no LT;ozone depletion potential (ODP) no LT;kg CFC-11-Eq;173
EF v3.1 no LT;particulate matter formation no LT;impact on human health no LT;disease incidence;174
EF v3.1 no LT;photochemical oxidant formation: human health no LT;tropospheric ozone concentration increase no LT;kg NMVOC-Eq;175
EF v3.1 no LT;water use no LT;user deprivation potential (deprivation-weighted water consumption) no LT;m3 world Eq deprived;176
EF v3.1;acidification;accumulated exceedance (AE);mol H+-Eq;177
EF v3.1;climate change;global warming potential (GWP100);kg CO2-Eq;178
EF v3.1;climate change: biogenic;global warming potential (GWP100);kg CO2-Eq;179
EF v3.1;climate change: fossil;global warming potential (GWP100);kg CO2-Eq;180
EF v3.1;climate change: land use and land use change;global warming potential (GWP100);kg CO2-Eq;181
EF v3.1;ecotoxicity: freshwater;comparative toxic unit for ecosystems (CTUe);CTUe;182
EF v3.1;ecotoxicity: freshwater, inorganics;comparative toxic unit for ecosystems (CTUe);CTUe;183
EF v3.1;ecotoxicity: freshwater, organics;comparative toxic unit for ecosystems (CTUe);CTUe;184
EF v3.1;energy resources: non-renewable;abiotic depletion potential (ADP): fossil fuels;MJ, net calorific value;185
EF v3.1;eutrophication: freshwater;fraction of nutrients reaching freshwater end compartment (P);kg P-Eq;186
EF v3.1;eutrophication: marine;fraction of nutrients reaching marine end compartment (N);kg N-Eq;187
EF v3.1;eutrophication: terrestrial;accumulated exceedance (AE);mol N-Eq;188
EF v3.1;human toxicity: carcinogenic;comparative toxic unit for human (CTUh);CTUh;189
EF v3.1;human toxicity: carcinogenic, inorganics;comparative toxic unit for human (CTUh);CTUh;190
EF v3.1;human toxicity: carcinogenic, organics;comparative toxic unit for human (CTUh);CTUh;191
EF v3.1;human toxicity: non-carcinogenic;comparative toxic unit for human (CTUh);CTUh;192
EF v3.1;human toxicity: non-carcinogenic, inorganics;comparative toxic unit for human (CTUh);CTUh;193
EF v3.1;human toxicity: non-carcinogenic, organics;comparative toxic unit for human (CTUh);CTUh;194
EF v3.1;ionising radiation: human health;human exposure efficiency relative to u235;kBq U235-Eq;195
EF v3.1;land use;soil quality index;dimensionless;196
EF v3.1;material resources: metals/minerals;abiotic depletion potential (ADP): elements (ultimate reserves);kg Sb-Eq;197
EF v3.1;ozone depletion;ozone depletion potential (ODP);kg CFC-11-Eq;198
EF v3.1;particulate matter formation;impact on human health;disease incidence;199
EF v3.1;photochemical oxidant formation: human health;tropospheric ozone concentration increase;kg NMVOC-Eq;200
EF v3.1;water use;user deprivation potential (deprivation-weighted water consumption);m3 world Eq deprived;201
EPS 2020d no LT;emissions to air no LT;monetary impact value no LT;EUR 2018;202
EPS 2020d no LT;emissions to soil no LT;monetary impact value no LT;EUR 2018;203
EPS 2020d no LT;emissions to water no LT;monetary impact value no LT;EUR 2018;204
EPS 2020d no LT;energy resources: non-renewable, fossil no LT;monetary impact value no LT;EUR 2018;205
EPS 2020d no LT;land use no LT;monetary impact value no LT;EUR 2018;206
EPS 2020d no LT;material resources: metals no LT;monetary impact value no LT;EUR 2018;207
EPS 2020d no LT;total no LT;monetary impact value no LT;EUR 2018;208
EPS 2020d;emissions to air;monetary impact value;EUR 2018;209
EPS 2020d;emissions to soil;monetary impact value;EUR 2018;210
EPS 2020d;emissions to water;monetary impact value;EUR 2018;211
EPS 2020d;energy resources: non-renewable, fossil;monetary impact value;EUR 2018;212
EPS 2020d;land use;monetary impact value;EUR 2018;213
EPS 2020d;material resources: metals;monetary impact value;EUR 2018;214
EPS 2020d;total;monetary impact value;EUR 2018;215
IMPACT World+ v2.0.1, footprint version;climate change;carbon footprint;kg CO2-Eq;216
IMPACT World+ v2.0.1, footprint version;ecosystem quality;remaining ecosystem quality damage;PDF.m2.yr;217
IMPACT World+ v2.0.1, footprint version;energy resources: non-renewable;fossil and nuclear energy use;MJ deprived;218
IMPACT World+ v2.0.1, footprint version;human health;remaining human health damage;DALYs;219
IMPACT World+ v2.0.1, footprint version;water use;water scarcity footprint;m3 world Eq deprived;220
Inventory results and indicators;resources;total surface occupation;m2a;221
Inventory results and indicators;resources;land occupation;m2a;222
Inventory results and indicators;resources;land occupation by flooding;m2a;223
Inventory results and indicators;resources;seabed occupation;m2a;224
Inventory results and indicators;resources;total water extraction;m3;225
Inventory results and indicators;resources;total freshwater extraction;m3;226
Inventory results and indicators;resources;freshwater extraction, surface water;m3;227
Inventory results and indicators;resources;freshwater extraction, groundwater;m3;228
Inventory results and indicators;resources;water extraction, saltwater;m3;229
Inventory results and indicators;resources;water extraction, undefined;m3;230
Inventory results and indicators;emissions to air;total particulate matter;kg;231
Inventory results and indicators;emissions to air;particulate matter, < 2.5 um;kg;232
Inventory results and indicators;emissions to air;particulate matter, >2.5 um and <10;kg;233
Inventory results and indicators;emissions to air;particulate matter >10 um;kg;234
Inventory results and indicators;emissions to air;carbon dioxide, fossil and land use;kg;235
Inventory results and indicators;emissions to air;total carbon monoxide;kg;236
Inventory results and indicators;emissions to air;total methane;kg;237
Inventory results and indicators;emissions to air;carbon, non-fossil, fixed;kg;238
Inventory results and indicators;emissions to air;NMVOCs;kg;239
Inventory results and indicators;emissions to air;N2O;kg;240
Inventory results and indicators;emissions to air;NOx;kg;241
Inventory results and indicators;emissions to air;SOx;kg;242
Inventory results and indicators;emissions to air;ammonia;kg;243
Inventory results and indicators;emissions to air;lead;kg;244
Inventory results and indicators;emissions to air;photochemical oxidants (including ozone);kg;245
Inventory results and indicators;emissions to air;HAPs;kg;246
Inventory results and indicators;emissions to air;total radioactive emissions;kg;247
Inventory results and indicators;emissions to water;total radioactive emissions;kg;248
Inventory results and indicators;waste disposal;total area for dump sites;m2;249
Inventory results and indicators;waste disposal;total volume of underground deposits;m3;250
Inventory results and indicators;waste disposal;total volume of radioactive waste;m3;251
Inventory results and indicators;waste disposal;total mass of waste;kg;252
Inventory results and indicators;waste disposal;total mass for dump sites;kg;253
Inventory results and indicators;waste disposal;total mass for underground deposits;kg;254
Inventory results and indicators;waste disposal;total mass of radioactive waste;kg;255
IPCC 2013 no LT;climate change no LT;global temperature change potential (GTP100) no LT;kg CO2-Eq;256
IPCC 2013 no LT;climate change no LT;global temperature change potential (GTP20) no LT;kg CO2-Eq;257
IPCC 2013 no LT;climate change no LT;global warming potential (GWP100) no LT;kg CO2-Eq;258
IPCC 2013 no LT;climate change no LT;global warming potential (GWP20) no LT;kg CO2-Eq;259
IPCC 2013;climate change;global temperature change potential (GTP100);kg CO2-Eq;260
IPCC 2013;climate change;global temperature change potential (GTP20);kg CO2-Eq;261
IPCC 2013;climate change;global warming potential (GWP100);kg CO2-Eq;262
IPCC 2013;climate change;global warming potential (GWP20);kg CO2-Eq;263
IPCC 2021 no LT;climate change no LT;global temperature change potential (GTP100) no LT;kg CO2-Eq;264
IPCC 2021 no LT;climate change no LT;global temperature change potential (GTP50) no LT;kg CO2-Eq;265
IPCC 2021 no LT;climate change no LT;global warming potential (GWP100) no LT;kg CO2-Eq;266
IPCC 2021 no LT;climate change no LT;global warming potential (GWP20) no LT;kg CO2-Eq;267
IPCC 2021 no LT;climate change no LT;global warming potential (GWP500) no LT;kg CO2-Eq;268
IPCC 2021 no LT;climate change: biogenic no LT;global temperature change potential (GTP100) no LT;kg CO2-Eq;269
IPCC 2021 no LT;climate change: biogenic no LT;global temperature change potential (GTP50) no LT;kg CO2-Eq;270
IPCC 2021 no LT;climate change: biogenic no LT;global warming potential (GWP100) no LT;kg CO2-Eq;271
IPCC 2021 no LT;climate change: biogenic no LT;global warming potential (GWP20) no LT;kg CO2-Eq;272
IPCC 2021 no LT;climate change: biogenic no LT;global warming potential (GWP500) no LT;kg CO2-Eq;273
IPCC 2021 no LT;climate change: biogenic, including SLCFs no LT;global temperature change potential (GTP100) no LT;kg CO2-Eq;274
IPCC 2021 no LT;climate change: biogenic, including SLCFs no LT;global warming potential (GWP100) no LT;kg CO2-Eq;275
IPCC 2021 no LT;climate change: biogenic, including SLCFs no LT;global warming potential (GWP20) no LT;kg CO2-Eq;276
IPCC 2021 no LT;climate change: fossil no LT;global temperature change potential (GTP100) no LT;kg CO2-Eq;277
IPCC 2021 no LT;climate change: fossil no LT;global temperature change potential (GTP50) no LT;kg CO2-Eq;278
IPCC 2021 no LT;climate change: fossil no LT;global warming potential (GWP100) no LT;kg CO2-Eq;279
IPCC 2021 no LT;climate change: fossil no LT;global warming potential (GWP20) no LT;kg CO2-Eq;280
IPCC 2021 no LT;climate change: fossil no LT;global warming potential (GWP500) no LT;kg CO2-Eq;281
IPCC 2021 no LT;climate change: fossil, including SLCFs no LT;global temperature change potential (GTP100) no LT;kg CO2-Eq;282
IPCC 2021 no LT;climate change: fossil, including SLCFs no LT;global warming potential (GWP100) no LT;kg CO2-Eq;283
IPCC 2021 no LT;climate change: fossil, including SLCFs no LT;global warming potential (GWP20) no LT;kg CO2-Eq;284
IPCC 2021 no LT;climate change: including SLCFs no LT;global temperature change potential (GTP100) no LT;kg CO2-Eq;285
IPCC 2021 no LT;climate change: including SLCFs no LT;global warming potential (GWP100) no LT;kg CO2-Eq;286
IPCC 2021 no LT;climate change: including SLCFs no LT;global warming potential (GWP20) no LT;kg CO2-Eq;287
IPCC 2021 no LT;climate change: land use no LT;global temperature change potential (GTP100) no LT;kg CO2-Eq;288
IPCC 2021 no LT;climate change: land use no LT;global temperature change potential (GTP50) no LT;kg CO2-Eq;289
IPCC 2021 no LT;climate change: land use no LT;global warming potential (GWP100) no LT;kg CO2-Eq;290
IPCC 2021 no LT;climate change: land use no LT;global warming potential (GWP20) no LT;kg CO2-Eq;291
IPCC 2021 no LT;climate change: land use no LT;global warming potential (GWP500) no LT;kg CO2-Eq;292
IPCC 2021 no LT;climate change: land use, including SLCFs no LT;global temperature change potential (GTP100) no LT;kg CO2-Eq;293
IPCC 2021 no LT;climate change: land use, including SLCFs no LT;global warming potential (GWP100) no LT;kg CO2-Eq;294
IPCC 2021 no LT;climate change: land use, including SLCFs no LT;global warming potential (GWP20) no LT;kg CO2-Eq;295
IPCC 2021;climate change;global temperature change potential (GTP100);kg CO2-Eq;296
IPCC 2021;climate change;global temperature change potential (GTP50);kg CO2-Eq;297
IPCC 2021;climate change;global warming potential (GWP100);kg CO2-Eq;298
IPCC 2021;climate change;global warming potential (GWP20);kg CO2-Eq;299
IPCC 2021;climate change;global warming potential (GWP500);kg CO2-Eq;300
IPCC 2021;climate change: biogenic;global temperature change potential (GTP100);kg CO2-Eq;301
IPCC 2021;climate change: biogenic;global temperature change potential (GTP50);kg CO2-Eq;302
IPCC 2021;climate change: biogenic;global warming potential (GWP100);kg CO2-Eq;303
IPCC 2021;climate change: biogenic;global warming potential (GWP20);kg CO2-Eq;304
IPCC 2021;climate change: biogenic;global warming potential (GWP500);kg CO2-Eq;305
IPCC 2021;climate change: biogenic, including SLCFs;global temperature change potential (GTP100);kg CO2-Eq;306
IPCC 2021;climate change: biogenic, including SLCFs;global warming potential (GWP100);kg CO2-Eq;307
IPCC 2021;climate change: biogenic, including SLCFs;global warming potential (GWP20);kg CO2-Eq;308
IPCC 2021;climate change: fossil;global temperature change potential (GTP100);kg CO2-Eq;309
IPCC 2021;climate change: fossil;global temperature change potential (GTP50);kg CO2-Eq;310
IPCC 2021;climate change: fossil;global warming potential (GWP100);kg CO2-Eq;311
IPCC 2021;climate change: fossil;global warming potential (GWP20);kg CO2-Eq;312
IPCC 2021;climate change: fossil;global warming potential (GWP500);kg CO2-Eq;313
IPCC 2021;climate change: fossil, including SLCFs;global temperature change potential (GTP100);kg CO2-Eq;314
IPCC 2021;climate change: fossil, including SLCFs;global warming potential (GWP100);kg CO2-Eq;315
IPCC 2021;climate change: fossil, including SLCFs;global warming potential (GWP20);kg CO2-Eq;316
IPCC 2021;climate change: including SLCFs;global temperature change potential (GTP100);kg CO2-Eq;317
IPCC 2021;climate change: including SLCFs;global warming potential (GWP100);kg CO2-Eq;318
IPCC 2021;climate change: including SLCFs;global warming potential (GWP20);kg CO2-Eq;319
IPCC 2021;climate change: land use;global temperature change potential (GTP100);kg CO2-Eq;320
IPCC 2021;climate change: land use;global temperature change potential (GTP50);kg CO2-Eq;321
IPCC 2021;climate change: land use;global warming potential (GWP100);kg CO2-Eq;322
IPCC 2021;climate change: land use;global warming potential (GWP20);kg CO2-Eq;323
IPCC 2021;climate change: land use;global warming potential (GWP500);kg CO2-Eq;324
IPCC 2021;climate change: land use, including SLCFs;global temperature change potential (GTP100);kg CO2-Eq;325
IPCC 2021;climate change: land use, including SLCFs;global warming potential (GWP100);kg CO2-Eq;326
IPCC 2021;climate change: land use, including SLCFs;global warming potential (GWP20);kg CO2-Eq;327
ReCiPe 2016 v1.03, endpoint (E) no LT;ecosystem quality no LT;acidification: terrestrial no LT;species.yr;328
ReCiPe 2016 v1.03, endpoint (E) no LT;ecosystem quality no LT;climate change: freshwater ecosystems no LT;species.yr;329
ReCiPe 2016 v1.03, endpoint (E) no LT;ecosystem quality no LT;climate change: terrestrial ecosystems no LT;species.yr;330
ReCiPe 2016 v1.03, endpoint (E) no LT;ecosystem quality no LT;ecotoxicity: freshwater no LT;species.yr;331
ReCiPe 2016 v1.03, endpoint (E) no LT;ecosystem quality no LT;ecotoxicity: marine no LT;species.yr;332
ReCiPe 2016 v1.03, endpoint (E) no LT;ecosystem quality no LT;ecotoxicity: terrestrial no LT;species.yr;333
ReCiPe 2016 v1.03, endpoint (E) no LT;ecosystem quality no LT;eutrophication: freshwater no LT;species.yr;334
ReCiPe 2016 v1.03, endpoint (E) no LT;ecosystem quality no LT;eutrophication: marine no LT;species.yr;335
ReCiPe 2016 v1.03, endpoint (E) no LT;ecosystem quality no LT;land use no LT;species.yr;336
ReCiPe 2016 v1.03, endpoint (E) no LT;ecosystem quality no LT;photochemical oxidant formation: terrestrial ecosystems no LT;species.yr;337
ReCiPe 2016 v1.03, endpoint (E) no LT;ecosystem quality no LT;water use: aquatic ecosystems no LT;species.yr;338
ReCiPe 2016 v1.03, endpoint (E) no LT;ecosystem quality no LT;water use: terrestrial ecosystems no LT;species.yr;339
ReCiPe 2016 v1.03, endpoint (E) no LT;human health no LT;climate change: human health no LT;DALYs;340
ReCiPe 2016 v1.03, endpoint (E) no LT;human health no LT;human toxicity: carcinogenic no LT;DALYs;341
ReCiPe 2016 v1.03, endpoint (E) no LT;human health no LT;human toxicity: non-carcinogenic no LT;DALYs;342
ReCiPe 2016 v1.03, endpoint (E) no LT;human health no LT;ionising radiation no LT;DALYs;343
ReCiPe 2016 v1.03, endpoint (E) no LT;human health no LT;ozone depletion no LT;DALYs;344
ReCiPe 2016 v1.03, endpoint (E) no LT;human health no LT;particulate matter formation no LT;DALYs;345
ReCiPe 2016 v1.03, endpoint (E) no LT;human health no LT;photochemical oxidant formation: human health no LT;DALYs;346
ReCiPe 2016 v1.03, endpoint (E) no LT;human health no LT;water use: human health no LT;DALYs;347
ReCiPe 2016 v1.03, endpoint (E) no LT;natural resources no LT;energy resources: non-renewable, fossil no LT;USD 2013;348
ReCiPe 2016 v1.03, endpoint (E) no LT;natural resources no LT;material resources: metals/minerals no LT;USD 2013;349
ReCiPe 2016 v1.03, endpoint (E) no LT;total: ecosystem quality no LT;ecosystem quality no LT;species.yr;350
ReCiPe 2016 v1.03, endpoint (E) no LT;total: human health no LT;human health no LT;DALYs;351
ReCiPe 2016 v1.03, endpoint (E) no LT;total: natural resources no LT;natural resources no LT;USD 2013;352
ReCiPe 2016 v1.03, endpoint (E);ecosystem quality;acidification: terrestrial;species.yr;353
ReCiPe 2016 v1.03, endpoint (E);ecosystem quality;climate change: freshwater ecosystems;species.yr;354
ReCiPe 2016 v1.03, endpoint (E);ecosystem quality;climate change: terrestrial ecosystems;species.yr;355
ReCiPe 2016 v1.03, endpoint (E);ecosystem quality;ecotoxicity: freshwater;species.yr;356
ReCiPe 2016 v1.03, endpoint (E);ecosystem quality;ecotoxicity: marine;species.yr;357
ReCiPe 2016 v1.03, endpoint (E);ecosystem quality;ecotoxicity: terrestrial;species.yr;358
ReCiPe 2016 v1.03, endpoint (E);ecosystem quality;eutrophication: freshwater;species.yr;359
ReCiPe 2016 v1.03, endpoint (E);ecosystem quality;eutrophication: marine;species.yr;360
ReCiPe 2016 v1.03, endpoint (E);ecosystem quality;land use;species.yr;361
ReCiPe 2016 v1.03, endpoint (E);ecosystem quality;photochemical oxidant formation: terrestrial ecosystems;species.yr;362
ReCiPe 2016 v1.03, endpoint (E);ecosystem quality;water use: aquatic ecosystems;species.yr;363
ReCiPe 2016 v1.03, endpoint (E);ecosystem quality;water use: terrestrial ecosystems;species.yr;364
ReCiPe 2016 v1.03, endpoint (E);human health;climate change: human health;DALYs;365
ReCiPe 2016 v1.03, endpoint (E);human health;human toxicity: carcinogenic;DALYs;366
ReCiPe 2016 v1.03, endpoint (E);human health;human toxicity: non-carcinogenic;DALYs;367
ReCiPe 2016 v1.03, endpoint (E);human health;ionising radiation;DALYs;368
ReCiPe 2016 v1.03, endpoint (E);human health;ozone depletion;DALYs;369
ReCiPe 2016 v1.03, endpoint (E);human health;particulate matter formation;DALYs;370
ReCiPe 2016 v1.03, endpoint (E);human health;photochemical oxidant formation: human health;DALYs;371
ReCiPe 2016 v1.03, endpoint (E);human health;water use: human health;DALYs;372
ReCiPe 2016 v1.03, endpoint (E);natural resources;energy resources: non-renewable, fossil;USD 2013;373
ReCiPe 2016 v1.03, endpoint (E);natural resources;material resources: metals/minerals;USD 2013;374
ReCiPe 2016 v1.03, endpoint (E);total: ecosystem quality;ecosystem quality;species.yr;375
ReCiPe 2016 v1.03, endpoint (E);total: human health;human health;DALYs;376
ReCiPe 2016 v1.03, endpoint (E);total: natural resources;natural resources;USD 2013;377
ReCiPe 2016 v1.03, endpoint (H) no LT;ecosystem quality no LT;acidification: terrestrial no LT;species.yr;378
ReCiPe 2016 v1.03, endpoint (H) no LT;ecosystem quality no LT;climate change: freshwater ecosystems no LT;species.yr;379
ReCiPe 2016 v1.03, endpoint (H) no LT;ecosystem quality no LT;climate change: terrestrial ecosystems no LT;species.yr;380
ReCiPe 2016 v1.03, endpoint (H) no LT;ecosystem quality no LT;ecotoxicity: freshwater no LT;species.yr;381
ReCiPe 2016 v1.03, endpoint (H) no LT;ecosystem quality no LT;ecotoxicity: marine no LT;species.yr;382
ReCiPe 2016 v1.03, endpoint (H) no LT;ecosystem quality no LT;ecotoxicity: terrestrial no LT;species.yr;383
ReCiPe 2016 v1.03, endpoint (H) no LT;ecosystem quality no LT;eutrophication: freshwater no LT;species.yr;384
ReCiPe 2016 v1.03, endpoint (H) no LT;ecosystem quality no LT;eutrophication: marine no LT;species.yr;385
ReCiPe 2016 v1.03, endpoint (H) no LT;ecosystem quality no LT;land use no LT;species.yr;386
ReCiPe 2016 v1.03, endpoint (H) no LT;ecosystem quality no LT;photochemical oxidant formation: terrestrial ecosystems no LT;species.yr;387
ReCiPe 2016 v1.03, endpoint (H) no LT;ecosystem quality no LT;water use: aquatic ecosystems no LT;species.yr;388
ReCiPe 2016 v1.03, endpoint (H) no LT;ecosystem quality no LT;water use: terrestrial ecosystems no LT;species.yr;389
ReCiPe 2016 v1.03, endpoint (H) no LT;human health no LT;climate change: human health no LT;DALYs;390
ReCiPe 2016 v1.03, endpoint (H) no LT;human health no LT;human toxicity: carcinogenic no LT;DALYs;391
ReCiPe 2016 v1.03, endpoint (H) no LT;human health no LT;human toxicity: non-carcinogenic no LT;DALYs;392
ReCiPe 2016 v1.03, endpoint (H) no LT;human health no LT;ionising radiation no LT;DALYs;393
ReCiPe 2016 v1.03, endpoint (H) no LT;human health no LT;ozone depletion no LT;DALYs;394
ReCiPe 2016 v1.03, endpoint (H) no LT;human health no LT;particulate matter formation no LT;DALYs;395
ReCiPe 2016 v1.03, endpoint (H) no LT;human health no LT;photochemical oxidant formation: human health no LT;DALYs;396
ReCiPe 2016 v1.03, endpoint (H) no LT;human health no LT;water use: human health no LT;DALYs;397
ReCiPe 2016 v1.03, endpoint (H) no LT;natural resources no LT;energy resources: non-renewable, fossil no LT;USD 2013;398
ReCiPe 2016 v1.03, endpoint (H) no LT;natural resources no LT;material resources: metals/minerals no LT;USD 2013;399
ReCiPe 2016 v1.03, endpoint (H) no LT;total: ecosystem quality no LT;ecosystem quality no LT;species.yr;400
ReCiPe 2016 v1.03, endpoint (H) no LT;total: human health no LT;human health no LT;DALYs;401
ReCiPe 2016 v1.03, endpoint (H) no LT;total: natural resources no LT;natural resources no LT;USD 2013;402
ReCiPe 2016 v1.03, endpoint (H);ecosystem quality;acidification: terrestrial;species.yr;403
ReCiPe 2016 v1.03, endpoint (H);ecosystem quality;climate change: freshwater ecosystems;species.yr;404
ReCiPe 2016 v1.03, endpoint (H);ecosystem quality;climate change: terrestrial ecosystems;species.yr;405
ReCiPe 2016 v1.03, endpoint (H);ecosystem quality;ecotoxicity: freshwater;species.yr;406
ReCiPe 2016 v1.03, endpoint (H);ecosystem quality;ecotoxicity: marine;species.yr;407
ReCiPe 2016 v1.03, endpoint (H);ecosystem quality;ecotoxicity: terrestrial;species.yr;408
ReCiPe 2016 v1.03, endpoint (H);ecosystem quality;eutrophication: freshwater;species.yr;409
ReCiPe 2016 v1.03, endpoint (H);ecosystem quality;eutrophication: marine;species.yr;410
ReCiPe 2016 v1.03, endpoint (H);ecosystem quality;land use;species.yr;411
ReCiPe 2016 v1.03, endpoint (H);ecosystem quality;photochemical oxidant formation: terrestrial ecosystems;species.yr;412
ReCiPe 2016 v1.03, endpoint (H);ecosystem quality;water use: aquatic ecosystems;species.yr;413
ReCiPe 2016 v1.03, endpoint (H);ecosystem quality;water use: terrestrial ecosystems;species.yr;414
ReCiPe 2016 v1.03, endpoint (H);human health;climate change: human health;DALYs;415
ReCiPe 2016 v1.03, endpoint (H);human health;human toxicity: carcinogenic;DALYs;416
ReCiPe 2016 v1.03, endpoint (H);human health;human toxicity: non-carcinogenic;DALYs;417
ReCiPe 2016 v1.03, endpoint (H);human health;ionising radiation;DALYs;418
ReCiPe 2016 v1.03, endpoint (H);human health;ozone depletion;DALYs;419
ReCiPe 2016 v1.03, endpoint (H);human health;particulate matter formation;DALYs;420
ReCiPe 2016 v1.03, endpoint (H);human health;photochemical oxidant formation: human health;DALYs;421
ReCiPe 2016 v1.03, endpoint (H);human health;water use: human health;DALYs;422
ReCiPe 2016 v1.03, endpoint (H);natural resources;energy resources: non-renewable, fossil;USD 2013;423
ReCiPe 2016 v1.03, endpoint (H);natural resources;material resources: metals/minerals;USD 2013;424
ReCiPe 2016 v1.03, endpoint (H);total: ecosystem quality;ecosystem quality;species.yr;425
ReCiPe 2016 v1.03, endpoint (H);total: human health;human health;DALYs;426
ReCiPe 2016 v1.03, endpoint (H);total: natural resources;natural resources;USD 2013;427
ReCiPe 2016 v1.03, endpoint (I) no LT;ecosystem quality no LT;acidification: terrestrial no LT;species.yr;428
ReCiPe 2016 v1.03, endpoint (I) no LT;ecosystem quality no LT;climate change: freshwater ecosystems no LT;species.yr;429
ReCiPe 2016 v1.03, endpoint (I) no LT;ecosystem quality no LT;climate change: terrestrial ecosystems no LT;species.yr;430
ReCiPe 2016 v1.03, endpoint (I) no LT;ecosystem quality no LT;ecotoxicity: freshwater no LT;species.yr;431
ReCiPe 2016 v1.03, endpoint (I) no LT;ecosystem quality no LT;ecotoxicity: marine no LT;species.yr;432
ReCiPe 2016 v1.03, endpoint (I) no LT;ecosystem quality no LT;ecotoxicity: terrestrial no LT;species.yr;433
ReCiPe 2016 v1.03, endpoint (I) no LT;ecosystem quality no LT;eutrophication: freshwater no LT;species.yr;434
ReCiPe 2016 v1.03, endpoint (I) no LT;ecosystem quality no LT;eutrophication: marine no LT;species.yr;435
ReCiPe 2016 v1.03, endpoint (I) no LT;ecosystem quality no LT;land use no LT;species.yr;436
ReCiPe 2016 v1.03, endpoint (I) no LT;ecosystem quality no LT;photochemical oxidant formation: terrestrial ecosystems no LT;species.yr;437
ReCiPe 2016 v1.03, endpoint (I) no LT;ecosystem quality no LT;water use: aquatic ecosystems no LT;species.yr;438
ReCiPe 2016 v1.03, endpoint (I) no LT;human health no LT;climate change: human health no LT;DALYs;439
ReCiPe 2016 v1.03, endpoint (I) no LT;human health no LT;human toxicity: carcinogenic no LT;DALYs;440
ReCiPe 2016 v1.03, endpoint (I) no LT;human health no LT;human toxicity: non-carcinogenic no LT;DALYs;441
ReCiPe 2016 v1.03, endpoint (I) no LT;human health no LT;ionising radiation no LT;DALYs;442
ReCiPe 2016 v1.03, endpoint (I) no LT;human health no LT;ozone depletion no LT;DALYs;443
ReCiPe 2016 v1.03, endpoint (I) no LT;human health no LT;particulate matter formation no LT;DALYs;444
ReCiPe 2016 v1.03, endpoint (I) no LT;human health no LT;photochemical oxidant formation: human health no LT;DALYs;445
ReCiPe 2016 v1.03, endpoint (I) no LT;human health no LT;water use: human health no LT;DALYs;446
ReCiPe 2016 v1.03, endpoint (I) no LT;natural resources no LT;energy resources: non-renewable, fossil no LT;USD 2013;447
ReCiPe 2016 v1.03, endpoint (I) no LT;natural resources no LT;material resources: metals/minerals no LT;USD 2013;448
ReCiPe 2016 v1.03, endpoint (I) no LT;total: ecosystem quality no LT;ecosystem quality no LT;species.yr;449
ReCiPe 2016 v1.03, endpoint (I) no LT;total: human health no LT;human health no LT;DALYs;450
ReCiPe 2016 v1.03, endpoint (I) no LT;total: natural resources no LT;natural resources no LT;USD 2013;451
ReCiPe 2016 v1.03, endpoint (I);ecosystem quality;acidification: terrestrial;species.yr;452
ReCiPe 2016 v1.03, endpoint (I);ecosystem quality;climate change: freshwater ecosystems;species.yr;453
ReCiPe 2016 v1.03, endpoint (I);ecosystem quality;climate change: terrestrial ecosystems;species.yr;454
ReCiPe 2016 v1.03, endpoint (I);ecosystem quality;ecotoxicity: freshwater;species.yr;455
ReCiPe 2016 v1.03, endpoint (I);ecosystem quality;ecotoxicity: marine;species.yr;456
ReCiPe 2016 v1.03, endpoint (I);ecosystem quality;ecotoxicity: terrestrial;species.yr;457
ReCiPe 2016 v1.03, endpoint (I);ecosystem quality;eutrophication: freshwater;species.yr;458
ReCiPe 2016 v1.03, endpoint (I);ecosystem quality;eutrophication: marine;species.yr;459
ReCiPe 2016 v1.03, endpoint (I);ecosystem quality;land use;species.yr;460
ReCiPe 2016 v1.03, endpoint (I);ecosystem quality;photochemical oxidant formation: terrestrial ecosystems;species.yr;461
ReCiPe 2016 v1.03, endpoint (I);ecosystem quality;water use: aquatic ecosystems;species.yr;462
ReCiPe 2016 v1.03, endpoint (I);human health;climate change: human health;DALYs;463
ReCiPe 2016 v1.03, endpoint (I);human health;human toxicity: carcinogenic;DALYs;464
ReCiPe 2016 v1.03, endpoint (I);human health;human toxicity: non-carcinogenic;DALYs;465
ReCiPe 2016 v1.03, endpoint (I);human health;ionising radiation;DALYs;466
ReCiPe 2016 v1.03, endpoint (I);human health;ozone depletion;DALYs;467
ReCiPe 2016 v1.03, endpoint (I);human health;particulate matter formation;DALYs;468
ReCiPe 2016 v1.03, endpoint (I);human health;photochemical oxidant formation: human health;DALYs;469
ReCiPe 2016 v1.03, endpoint (I);human health;water use: human health;DALYs;470
ReCiPe 2016 v1.03, endpoint (I);natural resources;energy resources: non-renewable, fossil;USD 2013;471
ReCiPe 2016 v1.03, endpoint (I);natural resources;material resources: metals/minerals;USD 2013;472
ReCiPe 2016 v1.03, endpoint (I);total: ecosystem quality;ecosystem quality;species.yr;473
ReCiPe 2016 v1.03, endpoint (I);total: human health;human health;DALYs;474
ReCiPe 2016 v1.03, endpoint (I);total: natural resources;natural resources;USD 2013;475
ReCiPe 2016 v1.03, midpoint (E) no LT;acidification: terrestrial no LT;terrestrial acidification potential (TAP) no LT;kg SO2-Eq;476
ReCiPe 2016 v1.03, midpoint (E) no LT;climate change no LT;global warming potential (GWP1000) no LT;kg CO2-Eq;477
ReCiPe 2016 v1.03, midpoint (E) no LT;ecotoxicity: freshwater no LT;freshwater ecotoxicity potential (FETP) no LT;kg 1,4-DCB-Eq;478
ReCiPe 2016 v1.03, midpoint (E) no LT;ecotoxicity: marine no LT;marine ecotoxicity potential (METP) no LT;kg 1,4-DCB-Eq;479
ReCiPe 2016 v1.03, midpoint (E) no LT;ecotoxicity: terrestrial no LT;terrestrial ecotoxicity potential (TETP) no LT;kg 1,4-DCB-Eq;480
ReCiPe 2016 v1.03, midpoint (E) no LT;energy resources: non-renewable, fossil no LT;fossil fuel potential (FFP) no LT;kg oil-Eq;481
ReCiPe 2016 v1.03, midpoint (E) no LT;eutrophication: freshwater no LT;freshwater eutrophication potential (FEP) no LT;kg P-Eq;482
ReCiPe 2016 v1.03, midpoint (E) no LT;eutrophication: marine no LT;marine eutrophication potential (MEP) no LT;kg N-Eq;483
ReCiPe 2016 v1.03, midpoint (E) no LT;human toxicity: carcinogenic no LT;human toxicity potential (HTPc) no LT;kg 1,4-DCB-Eq;484
ReCiPe 2016 v1.03, midpoint (E) no LT;human toxicity: non-carcinogenic no LT;human toxicity potential (HTPnc) no LT;kg 1,4-DCB-Eq;485
ReCiPe 2016 v1.03, midpoint (E) no LT;ionising radiation no LT;ionising radiation potential (IRP) no LT;kBq Co-60-Eq;486
ReCiPe 2016 v1.03, midpoint (E) no LT;land use no LT;agricultural land occupation (LOP) no LT;m2*a crop-Eq;487
ReCiPe 2016 v1.03, midpoint (E) no LT;material resources: metals/minerals no LT;surplus ore potential (SOP) no LT;kg Cu-Eq;488
ReCiPe 2016 v1.03, midpoint (E) no LT;ozone depletion no LT;ozone depletion potential (ODPinfinite) no LT;kg CFC-11-Eq;489
ReCiPe 2016 v1.03, midpoint (E) no LT;particulate matter formation no LT;particulate matter formation potential (PMFP) no LT;kg PM2.5-Eq;490
ReCiPe 2016 v1.03, midpoint (E) no LT;photochemical oxidant formation: human health no LT;photochemical oxidant formation potential: humans (HOFP) no LT;kg NOx-Eq;491
ReCiPe 2016 v1.03, midpoint (E) no LT;photochemical oxidant formation: terrestrial ecosystems no LT;photochemical oxidant formation potential: ecosystems (EOFP) no LT;kg NOx-Eq;492
ReCiPe 2016 v1.03, midpoint (E) no LT;water use no LT;water consumption potential (WCP) no LT;m3;493
ReCiPe 2016 v1.03, midpoint (E);acidification: terrestrial;terrestrial acidification potential (TAP);kg SO2-Eq;494
ReCiPe 2016 v1.03, midpoint (E);climate change;global warming potential (GWP1000);kg CO2-Eq;495
ReCiPe 2016 v1.03, midpoint (E);ecotoxicity: freshwater;freshwater ecotoxicity potential (FETP);kg 1,4-DCB-Eq;496
ReCiPe 2016 v1.03, midpoint (E);ecotoxicity: marine;marine ecotoxicity potential (METP);kg 1,4-DCB-Eq;497
ReCiPe 2016 v1.03, midpoint (E);ecotoxicity: terrestrial;terrestrial ecotoxicity potential (TETP);kg 1,4-DCB-Eq;498
ReCiPe 2016 v1.03, midpoint (E);energy resources: non-renewable, fossil;fossil fuel potential (FFP);kg oil-Eq;499
ReCiPe 2016 v1.03, midpoint (E);eutrophication: freshwater;freshwater eutrophication potential (FEP);kg P-Eq;500
ReCiPe 2016 v1.03, midpoint (E);eutrophication: marine;marine eutrophication potential (MEP);kg N-Eq;501
ReCiPe 2016 v1.03, midpoint (E);human toxicity: carcinogenic;human toxicity potential (HTPc);kg 1,4-DCB-Eq;502
ReCiPe 2016 v1.03, midpoint (E);human toxicity: non-carcinogenic;human toxicity potential (HTPnc);kg 1,4-DCB-Eq;503
ReCiPe 2016 v1.03, midpoint (E);ionising radiation;ionising radiation potential (IRP);kBq Co-60-Eq;504
ReCiPe 2016 v1.03, midpoint (E);land use;agricultural land occupation (LOP);m2*a crop-Eq;505
ReCiPe 2016 v1.03, midpoint (E);material resources: metals/minerals;surplus ore potential (SOP);kg Cu-Eq;506
ReCiPe 2016 v1.03, midpoint (E);ozone depletion;ozone depletion potential (ODPinfinite);kg CFC-11-Eq;507
ReCiPe 2016 v1.03, midpoint (E);particulate matter formation;particulate matter formation potential (PMFP);kg PM2.5-Eq;508
ReCiPe 2016 v1.03, midpoint (E);photochemical oxidant formation: human health;photochemical oxidant formation potential: humans (HOFP);kg NOx-Eq;509
ReCiPe 2016 v1.03, midpoint (E);photochemical oxidant formation: terrestrial ecosystems;photochemical oxidant formation potential: ecosystems (EOFP);kg NOx-Eq;510
ReCiPe 2016 v1.03, midpoint (E);water use;water consumption potential (WCP);m3;511
ReCiPe 2016 v1.03, midpoint (H) no LT;acidification: terrestrial no LT;terrestrial acidification potential (TAP) no LT;kg SO2-Eq;512
ReCiPe 2016 v1.03, midpoint (H) no LT;climate change no LT;global warming potential (GWP100) no LT;kg CO2-Eq;513
ReCiPe 2016 v1.03, midpoint (H) no LT;ecotoxicity: freshwater no LT;freshwater ecotoxicity potential (FETP) no LT;kg 1,4-DCB-Eq;514
ReCiPe 2016 v1.03, midpoint (H) no LT;ecotoxicity: marine no LT;marine ecotoxicity potential (METP) no LT;kg 1,4-DCB-Eq;515
ReCiPe 2016 v1.03, midpoint (H) no LT;ecotoxicity: terrestrial no LT;terrestrial ecotoxicity potential (TETP) no LT;kg 1,4-DCB-Eq;516
ReCiPe 2016 v1.03, midpoint (H) no LT;energy resources: non-renewable, fossil no LT;fossil fuel potential (FFP) no LT;kg oil-Eq;517
ReCiPe 2016 v1.03, midpoint (H) no LT;eutrophication: freshwater no LT;freshwater eutrophication potential (FEP) no LT;kg P-Eq;518
ReCiPe 2016 v1.03, midpoint (H) no LT;eutrophication: marine no LT;marine eutrophication potential (MEP) no LT;kg N-Eq;519
ReCiPe 2016 v1.03, midpoint (H) no LT;human toxicity: carcinogenic no LT;human toxicity potential (HTPc) no LT;kg 1,4-DCB-Eq;520
ReCiPe 2016 v1.03, midpoint (H) no LT;human toxicity: non-carcinogenic no LT;human toxicity potential (HTPnc) no LT;kg 1,4-DCB-Eq;521
ReCiPe 2016 v1.03, midpoint (H) no LT;ionising radiation no LT;ionising radiation potential (IRP) no LT;kBq Co-60-Eq;522
ReCiPe 2016 v1.03, midpoint (H) no LT;land use no LT;agricultural land occupation (LOP) no LT;m2*a crop-Eq;523
ReCiPe 2016 v1.03, midpoint (H) no LT;material resources: metals/minerals no LT;surplus ore potential (SOP) no LT;kg Cu-Eq;524
ReCiPe 2016 v1.03, midpoint (H) no LT;ozone depletion no LT;ozone depletion potential (ODPinfinite) no LT;kg CFC-11-Eq;525
ReCiPe 2016 v1.03, midpoint (H) no LT;particulate matter formation no LT;particulate matter formation potential (PMFP) no LT;kg PM2.5-Eq;526
ReCiPe 2016 v1.03, midpoint (H) no LT;photochemical oxidant formation: human health no LT;photochemical oxidant formation potential: humans (HOFP) no LT;kg NOx-Eq;527
ReCiPe 2016 v1.03, midpoint (H) no LT;photochemical oxidant formation: terrestrial ecosystems no LT;photochemical oxidant formation potential: ecosystems (EOFP) no LT;kg NOx-Eq;528
ReCiPe 2016 v1.03, midpoint (H) no LT;water use no LT;water consumption potential (WCP) no LT;m3;529
ReCiPe 2016 v1.03, midpoint (H);acidification: terrestrial;terrestrial acidification potential (TAP);kg SO2-Eq;530
ReCiPe 2016 v1.03, midpoint (H);climate change;global warming potential (GWP100);kg CO2-Eq;531
ReCiPe 2016 v1.03, midpoint (H);ecotoxicity: freshwater;freshwater ecotoxicity potential (FETP);kg 1,4-DCB-Eq;532
ReCiPe 2016 v1.03, midpoint (H);ecotoxicity: marine;marine ecotoxicity potential (METP);kg 1,4-DCB-Eq;533
ReCiPe 2016 v1.03, midpoint (H);ecotoxicity: terrestrial;terrestrial ecotoxicity potential (TETP);kg 1,4-DCB-Eq;534
ReCiPe 2016 v1.03, midpoint (H);energy resources: non-renewable, fossil;fossil fuel potential (FFP);kg oil-Eq;535
ReCiPe 2016 v1.03, midpoint (H);eutrophication: freshwater;freshwater eutrophication potential (FEP);kg P-Eq;536
ReCiPe 2016 v1.03, midpoint (H);eutrophication: marine;marine eutrophication potential (MEP);kg N-Eq;537
ReCiPe 2016 v1.03, midpoint (H);human toxicity: carcinogenic;human toxicity potential (HTPc);kg 1,4-DCB-Eq;538
ReCiPe 2016 v1.03, midpoint (H);human toxicity: non-carcinogenic;human toxicity potential (HTPnc);kg 1,4-DCB-Eq;539
ReCiPe 2016 v1.03, midpoint (H);ionising radiation;ionising radiation potential (IRP);kBq Co-60-Eq;540
ReCiPe 2016 v1.03, midpoint (H);land use;agricultural land occupation (LOP);m2*a crop-Eq;541
ReCiPe 2016 v1.03, midpoint (H);material resources: metals/minerals;surplus ore potential (SOP);kg Cu-Eq;542
ReCiPe 2016 v1.03, midpoint (H);ozone depletion;ozone depletion potential (ODPinfinite);kg CFC-11-Eq;543
ReCiPe 2016 v1.03, midpoint (H);particulate matter formation;particulate matter formation potential (PMFP);kg PM2.5-Eq;544
ReCiPe 2016 v1.03, midpoint (H);photochemical oxidant formation: human health;photochemical oxidant formation potential: humans (HOFP);kg NOx-Eq;545
ReCiPe 2016 v1.03, midpoint (H);photochemical oxidant formation: terrestrial ecosystems;photochemical oxidant formation potential: ecosystems (EOFP);kg NOx-Eq;546
ReCiPe 2016 v1.03, midpoint (H);water use;water consumption potential (WCP);m3;547
ReCiPe 2016 v1.03, midpoint (I) no LT;acidification: terrestrial no LT;terrestrial acidification potential (TAP) no LT;kg SO2-Eq;548
ReCiPe 2016 v1.03, midpoint (I) no LT;climate change no LT;global warming potential (GWP20) no LT;kg CO2-Eq;549
ReCiPe 2016 v1.03, midpoint (I) no LT;ecotoxicity: freshwater no LT;freshwater ecotoxicity potential (FETP) no LT;kg 1,4-DCB-Eq;550
ReCiPe 2016 v1.03, midpoint (I) no LT;ecotoxicity: marine no LT;marine ecotoxicity potential (METP) no LT;kg 1,4-DCB-Eq;551
ReCiPe 2016 v1.03, midpoint (I) no LT;ecotoxicity: terrestrial no LT;terrestrial ecotoxicity potential (TETP) no LT;kg 1,4-DCB-Eq;552
ReCiPe 2016 v1.03, midpoint (I) no LT;energy resources: non-renewable, fossil no LT;fossil fuel potential (FFP) no LT;kg oil-Eq;553
ReCiPe 2016 v1.03, midpoint (I) no LT;eutrophication: freshwater no LT;freshwater eutrophication potential (FEP) no LT;kg P-Eq;554
ReCiPe 2016 v1.03, midpoint (I) no LT;eutrophication: marine no LT;marine eutrophication potential (MEP) no LT;kg N-Eq;555
ReCiPe 2016 v1.03, midpoint (I) no LT;human toxicity: carcinogenic no LT;human toxicity potential (HTPc) no LT;kg 1,4-DCB-Eq;556
ReCiPe 2016 v1.03, midpoint (I) no LT;human toxicity: non-carcinogenic no LT;human toxicity potential (HTPnc) no LT;kg 1,4-DCB-Eq;557
ReCiPe 2016 v1.03, midpoint (I) no LT;ionising radiation no LT;ionising radiation potential (IRP) no LT;kBq Co-60-Eq;558
ReCiPe 2016 v1.03, midpoint (I) no LT;land use no LT;agricultural land occupation (LOP) no LT;m2*a crop-Eq;559
ReCiPe 2016 v1.03, midpoint (I) no LT;material resources: metals/minerals no LT;surplus ore potential (SOP) no LT;kg Cu-Eq;560
ReCiPe 2016 v1.03, midpoint (I) no LT;ozone depletion no LT;ozone depletion potential (ODPinfinite) no LT;kg CFC-11-Eq;561
ReCiPe 2016 v1.03, midpoint (I) no LT;particulate matter formation no LT;particulate matter formation potential (PMFP) no LT;kg PM2.5-Eq;562
ReCiPe 2016 v1.03, midpoint (I) no LT;photochemical oxidant formation: human health no LT;photochemical oxidant formation potential: humans (HOFP) no LT;kg NOx-Eq;563
ReCiPe 2016 v1.03, midpoint (I) no LT;photochemical oxidant formation: terrestrial ecosystems no LT;photochemical oxidant formation potential: ecosystems (EOFP) no LT;kg NOx-Eq;564
ReCiPe 2016 v1.03, midpoint (I) no LT;water use no LT;water consumption potential (WCP) no LT;m3;565
ReCiPe 2016 v1.03, midpoint (I);acidification: terrestrial;terrestrial acidification potential (TAP);kg SO2-Eq;566
ReCiPe 2016 v1.03, midpoint (I);climate change;global warming potential (GWP20);kg CO2-Eq;567
ReCiPe 2016 v1.03, midpoint (I);ecotoxicity: freshwater;freshwater ecotoxicity potential (FETP);kg 1,4-DCB-Eq;568
ReCiPe 2016 v1.03, midpoint (I);ecotoxicity: marine;marine ecotoxicity potential (METP);kg 1,4-DCB-Eq;569
ReCiPe 2016 v1.03, midpoint (I);ecotoxicity: terrestrial;terrestrial ecotoxicity potential (TETP);kg 1,4-DCB-Eq;570
ReCiPe 2016 v1.03, midpoint (I);energy resources: non-renewable, fossil;fossil fuel potential (FFP);kg oil-Eq;571
ReCiPe 2016 v1.03, midpoint (I);eutrophication: freshwater;freshwater eutrophication potential (FEP);kg P-Eq;572
ReCiPe 2016 v1.03, midpoint (I);eutrophication: marine;marine eutrophication potential (MEP);kg N-Eq;573
ReCiPe 2016 v1.03, midpoint (I);human toxicity: carcinogenic;human toxicity potential (HTPc);kg 1,4-DCB-Eq;574
ReCiPe 2016 v1.03, midpoint (I);human toxicity: non-carcinogenic;human toxicity potential (HTPnc);kg 1,4-DCB-Eq;575
ReCiPe 2016 v1.03, midpoint (I);ionising radiation;ionising radiation potential (IRP);kBq Co-60-Eq;576
ReCiPe 2016 v1.03, midpoint (I);land use;agricultural land occupation (LOP);m2*a crop-Eq;577
ReCiPe 2016 v1.03, midpoint (I);material resources: metals/minerals;surplus ore potential (SOP);kg Cu-Eq;578
ReCiPe 2016 v1.03, midpoint (I);ozone depletion;ozone depletion potential (ODPinfinite);kg CFC-11-Eq;579
ReCiPe 2016 v1.03, midpoint (I);particulate matter formation;particulate matter formation potential (PMFP);kg PM2.5-Eq;580
ReCiPe 2016 v1.03, midpoint (I);photochemical oxidant formation: human health;photochemical oxidant formation potential: humans (HOFP);kg NOx-Eq;581
ReCiPe 2016 v1.03, midpoint (I);photochemical oxidant formation: terrestrial ecosystems;photochemical oxidant formation potential: ecosystems (EOFP);kg NOx-Eq;582
ReCiPe 2016 v1.03, midpoint (I);water use;water consumption potential (WCP);m3;583
TRACI v2.1 no LT;acidification no LT;acidification potential (AP) no LT;kg SO2-Eq;584
TRACI v2.1 no LT;climate change no LT;global warming potential (GWP100) no LT;kg CO2-Eq;585
TRACI v2.1 no LT;ecotoxicity: freshwater no LT;ecotoxicity: freshwater no LT;CTUe;586
TRACI v2.1 no LT;eutrophication no LT;eutrophication potential no LT;kg N-Eq;587
TRACI v2.1 no LT;human toxicity: carcinogenic no LT;human toxicity: carcinogenic no LT;CTUh;588
TRACI v2.1 no LT;human toxicity: non-carcinogenic no LT;human toxicity: non-carcinogenic no LT;CTUh;589
TRACI v2.1 no LT;ozone depletion no LT;ozone depletion potential (ODP) no LT;kg CFC-11-Eq;590
TRACI v2.1 no LT;particulate matter formation no LT;particulate matter formation potential (PMFP) no LT;kg PM2.5-Eq;591
TRACI v2.1 no LT;photochemical oxidant formation no LT;maximum incremental reactivity (MIR) no LT;kg O3-Eq;592
TRACI v2.1;acidification;acidification potential (AP);kg SO2-Eq;593
TRACI v2.1;climate change;global warming potential (GWP100);kg CO2-Eq;594
TRACI v2.1;ecotoxicity: freshwater;ecotoxicity: freshwater;CTUe;595
TRACI v2.1;eutrophication;eutrophication potential;kg N-Eq;596
TRACI v2.1;human toxicity: carcinogenic;human toxicity: carcinogenic;CTUh;597
TRACI v2.1;human toxicity: non-carcinogenic;human toxicity: non-carcinogenic;CTUh;598
TRACI v2.1;ozone depletion;ozone depletion potential (ODP);kg CFC-11-Eq;599
TRACI v2.1;particulate matter formation;particulate matter formation potential (PMFP);kg PM2.5-Eq;600
TRACI v2.1;photochemical oxidant formation;maximum incremental reactivity (MIR);kg O3-Eq;601
USEtox v2.13, endpoint no LT;ecosystem quality no LT;ecotoxicity: freshwater no LT;PDF.m3.yr;602
USEtox v2.13, endpoint no LT;human health no LT;human toxicity: carcinogenic no LT;DALYs;603
USEtox v2.13, endpoint no LT;human health no LT;human toxicity: non-carcinogenic no LT;DALYs;604
USEtox v2.13, endpoint;ecosystem quality;ecotoxicity: freshwater;PDF.m3.yr;605
USEtox v2.13, endpoint;human health;human toxicity: carcinogenic;DALYs;606
USEtox v2.13, endpoint;human health;human toxicity: non-carcinogenic;DALYs;607
USEtox v2.13, midpoint no LT;ecotoxicity: freshwater no LT;comparative toxic unit for ecosystems (CTUe) no LT;CTUe;608
USEtox v2.13, midpoint no LT;human toxicity: carcinogenic no LT;comparative toxic unit for human (CTUh) no LT;CTUh;609
USEtox v2.13, midpoint no LT;human toxicity: non-carcinogenic no LT;comparative toxic unit for human (CTUh) no LT;CTUh;610
USEtox v2.13, midpoint;ecotoxicity: freshwater;comparative toxic unit for ecosystems (CTUe);CTUe;611
USEtox v2.13, midpoint;human toxicity: carcinogenic;comparative toxic unit for human (CTUh);CTUh;612
USEtox v2.13, midpoint;human toxicity: non-carcinogenic;comparative toxic unit for human (CTUh);CTUh;613
